employee-id,month-year,overtime-type,hours,amount,location,job-family,overtime-category
4851,January 2014,Legal Holiday Premium Pay,8.0,499.04,Factory A,Manufacturing,Premium Pay
6997,January 2014,Rest Day Pay,16.0,1118.4,Factory A,Manufacturing,Premium Pay
7159,January 2014,Legal Holiday Premium Pay,8.0,766.8,Factory A,Engineering and Technical Support,Premium Pay
3257,January 2014,Night Premium,48.0,771.36,Factory A,Manufacturing,Night Differential
4975,January 2014,OT Regular,12.0,1102.32,Factory A,Manufacturing,OT
4191,January 2014,Night Premium,32.0,196.16,Factory A,Manufacturing,Night Differential
5062,January 2014,Legal Holiday Premium Pay,5.5,415.2,Factory A,"Supply Chain, Logistics and Procurement",Premium Pay
6634,January 2014,Special Holiday Premium,8.0,172.4,Factory A,Manufacturing,Premium Pay
8279,January 2014,OT Regular,17.88,2823.79,Factory A,Manufacturing,OT
8749,January 2014,Night Premium,16.0,88.16,Factory A,Manufacturing,Night Differential
6448,January 2014,OT Regular,23.0,1962.82,Factory A,Engineering and Technical Support,OT
2112,January 2014,OT Regular,43.83,6512.7,Factory A,Engineering and Technical Support,OT
250,January 2014,Special Holiday Premium,8.0,208.0,Factory A,Engineering and Technical Support,Premium Pay
3547,January 2014,Night Premium,22.0,153.56,Factory A,Manufacturing,Night Differential
6088,January 2014,Special Holiday Premium,8.0,338.08,Factory A,Manufacturing,Premium Pay
5930,January 2014,Rest Day Pay,2.0,122.68,Factory A,Manufacturing,Premium Pay
3462,January 2014,Night Premium,14.0,141.96,Factory A,Engineering and Technical Support,Night Differential
7007,January 2014,Rest Day Premium Pay,16.0,389.12,Factory A,Manufacturing,Premium Pay
5620,January 2014,Night Premium,36.0,270.36,Factory A,Manufacturing,Night Differential
917,January 2014,Rest Day Pay,14.0,1196.44,Factory A,Manufacturing,Premium Pay
3868,January 2014,Night Premium,48.0,914.4,Factory A,Engineering and Technical Support,Night Differential
80,January 2014,Legal Holiday Premium Pay,7.98,428.93,Factory A,Engineering and Technical Support,Premium Pay
1266,January 2014,Night Premium,48.0,852.0,Factory A,Manufacturing,Night Differential
7899,January 2014,Night Premium,52.1,658.54,Factory A,Research and Development,Night Differential
4475,January 2014,Rest Day Pay,5.0,398.95,Factory A,Manufacturing,Premium Pay
2500,January 2014,Legal Holiday Pay,8.0,425.52,Factory A,Manufacturing,Premium Pay
8804,January 2014,OT Special Holiday,4.0,1391.88,Factory A,Manufacturing,OT
3841,January 2014,Legal Holiday Premium Pay,8.0,851.12,Factory A,Manufacturing,Premium Pay
6383,January 2014,Rest Day Premium Pay,15.97,732.86,Factory A,Manufacturing,Premium Pay
4323,January 2014,OT Regular,8.0,971.12,Factory A,Manufacturing,OT
3504,January 2014,Rest Day Premium Pay,16.0,267.04,Factory A,Engineering and Technical Support,Premium Pay
6791,January 2014,Rest Day Pay,16.0,1223.04,Factory A,Manufacturing,Premium Pay
1577,January 2014,Special Holiday Premium,6.0,163.62,Factory A,Manufacturing,Premium Pay
1660,January 2014,OT Regular,20.0,2074.6,Factory A,Engineering and Technical Support,OT
7323,January 2014,Rest Day Premium Pay,16.0,365.44,Factory A,"Supply Chain, Logistics and Procurement",Premium Pay
105,January 2014,Special Holiday Premium,8.0,265.28,Factory A,Manufacturing,Premium Pay
3212,January 2014,Rest Day Premium Pay,7.47,143.42,Factory A,Engineering and Technical Support,Premium Pay
7916,January 2014,OT Regular,42.0,3770.76,Factory A,"Supply Chain, Logistics and Procurement",OT
1193,January 2014,Rest Day Pay,16.0,2022.4,Factory A,Research and Development,Premium Pay
7792,January 2014,Special Holiday Premium,8.0,208.0,Factory A,Manufacturing,Premium Pay
8504,January 2014,Night Premium,40.3,644.8,Factory A,Engineering and Technical Support,Night Differential
250,January 2014,Rest Day Premium Pay,8.0,208.0,Factory A,Engineering and Technical Support,Premium Pay
8462,January 2014,Night Premium,23.85,151.45,Factory A,Manufacturing,Night Differential
9161,January 2014,OT Legal Holiday,1.5,281.54,Factory A,"Supply Chain, Logistics and Procurement",OT
4022,January 2014,OT Regular,52.0,4668.56,Factory A,Manufacturing,OT
3118,January 2014,OT Regular,24.0,2161.92,Factory A,Engineering and Technical Support,OT
2956,January 2014,Rest Day Premium Pay,16.0,497.76,Factory A,Manufacturing,Premium Pay
2359,January 2014,Night Premium,38.0,272.84,Factory A,Manufacturing,Night Differential
5458,January 2014,OT Regular,10.0,2403.4,Factory A,Manufacturing,OT
4974,January 2014,OT Regular,48.0,4924.8,Factory A,Manufacturing,OT
4249,January 2014,Rest Day Pay,16.0,860.0,Factory A,Engineering and Technical Support,Premium Pay
4851,January 2014,OT Legal Holiday,8.0,1297.52,Factory A,Manufacturing,OT
105,January 2014,Night Premium,44.0,486.2,Factory A,Manufacturing,Night Differential
7133,January 2014,OT Rest day,2.45,409.57,Factory A,Research and Development,OT
5329,January 2014,Special Holiday Premium,6.0,140.34,Factory A,Manufacturing,Premium Pay
5360,January 2014,Rest Day Pay,8.0,978.16,Factory A,Manufacturing,Premium Pay
691,January 2014,Special Holiday Premium,8.0,266.56,Factory A,Manufacturing,Premium Pay
1931,January 2014,Night Premium,48.0,811.68,Factory A,Manufacturing,Night Differential
8889,January 2014,OT Regular,13.0,3393.78,Factory A,Manufacturing,OT
3728,January 2014,Night Premium,14.0,85.68,Factory A,Manufacturing,Night Differential
1053,January 2014,Special Holiday Premium,8.0,149.68,Factory A,"Supply Chain, Logistics and Procurement",Premium Pay
1952,January 2014,Rest Day Premium Pay,8.0,190.08,Factory A,"Supply Chain, Logistics and Procurement",Premium Pay
5252,January 2014,Legal Holiday Pay,8.0,387.04,Factory A,Manufacturing,Premium Pay
5888,January 2014,Night Premium,38.0,480.32,Factory A,Manufacturing,Night Differential
2587,January 2014,OT Special Holiday,8.0,1125.52,Factory A,Engineering and Technical Support,OT
2449,January 2014,Legal Holiday Pay,8.0,1223.76,Factory A,Manufacturing,Premium Pay
9646,January 2014,OT Regular,20.0,3126.6,Factory A,Manufacturing,OT
8110,January 2014,OT Regular,3.0,285.48,Factory A,"Supply Chain, Logistics and Procurement",OT
3501,January 2014,OT Rest day,4.0,617.4,Factory A,Manufacturing,OT
1961,January 2014,OT Regular,16.0,2312.96,Factory A,Manufacturing,OT
7649,January 2014,Night Premium,48.0,787.68,Factory A,"Supply Chain, Logistics and Procurement",Night Differential
7000,January 2014,Rest Day Premium Pay,16.0,345.92,Factory A,Engineering and Technical Support,Premium Pay
5071,January 2014,Night Premium,51.0,559.98,Factory A,Manufacturing,Night Differential
8219,January 2014,Rest Day Premium Pay,16.0,258.08,Factory A,Manufacturing,Premium Pay
1105,January 2014,Rest Day Premium Pay,15.97,307.9,Factory A,Engineering and Technical Support,Premium Pay
6523,January 2014,Night Premium,30.0,266.1,Factory A,Manufacturing,Night Differential
997,January 2014,Special Holiday Premium,7.8,278.15,Factory A,Engineering and Technical Support,Premium Pay
7610,January 2014,Night Premium,66.0,887.04,Factory A,Engineering and Technical Support,Night Differential
27,January 2014,Night Premium,27.0,298.89,Factory A,Manufacturing,Night Differential
8064,January 2014,Rest Day Premium Pay,8.0,209.76,Factory A,Manufacturing,Premium Pay
7206,January 2014,Night Premium,4.0,29.04,Factory A,Manufacturing,Night Differential
7001,January 2014,Special Holiday Premium,16.0,485.28,Factory A,Manufacturing,Premium Pay
4458,January 2014,Rest Day Premium Pay,2.0,46.42,Factory A,Engineering and Technical Support,Premium Pay
1931,January 2014,Special Holiday Premium,8.0,162.32,Factory A,Manufacturing,Premium Pay
7370,January 2014,Night Premium,18.0,136.44,Factory A,Manufacturing,Night Differential
5648,January 2014,Rest Day Pay,16.0,3111.68,Factory A,Manufacturing,Premium Pay
906,January 2014,Rest Day Pay,8.0,540.0,Factory A,Manufacturing,Premium Pay
3452,January 2014,Rest Day Premium Pay,2.0,42.04,Factory A,Manufacturing,Premium Pay
1100,January 2014,Rest Day Premium Pay,15.62,329.74,Factory A,Manufacturing,Premium Pay
625,January 2014,Rest Day Pay,12.0,1348.8,Factory A,Engineering and Technical Support,Premium Pay
5145,January 2014,Night Premium,66.0,918.06,Factory A,Engineering and Technical Support,Night Differential
2948,January 2014,Special Holiday Premium,8.0,163.28,Factory A,"Supply Chain, Logistics and Procurement",Premium Pay
4336,January 2014,OT Regular,4.0,999.36,Factory A,Engineering and Technical Support,OT
2222,January 2014,OT Special Holiday,2.0,333.2,Factory A,Manufacturing,OT
4995,January 2014,Rest Day Pay,6.0,492.48,Factory A,"Supply Chain, Logistics and Procurement",Premium Pay
7055,January 2014,Night Premium,46.0,227.24,Factory A,Manufacturing,Night Differential
5961,January 2014,Rest Day Pay,7.0,391.02,Factory A,Manufacturing,Premium Pay
660,January 2014,Rest Day Premium Pay,6.0,92.28,Factory A,Manufacturing,Premium Pay
5536,January 2014,OT Regular,42.05,5908.03,Factory A,Manufacturing,OT
2349,January 2014,Special Holiday Premium,8.0,167.44,Factory A,Manufacturing,Premium Pay
9484,January 2014,Rest Day Premium Pay,16.0,258.08,Factory A,Engineering and Technical Support,Premium Pay
6086,January 2014,Legal Holiday Premium Pay,8.0,540.0,Factory A,Manufacturing,Premium Pay
6419,January 2014,OT Regular,32.0,3704.96,Factory A,Engineering and Technical Support,OT
5299,January 2014,Rest Day Premium Pay,2.0,37.84,Factory A,"Supply Chain, Logistics and Procurement",Premium Pay
5219,January 2014,OT Regular,8.0,926.88,Factory A,Manufacturing,OT
1814,January 2014,OT Rest day,4.0,714.68,Factory A,Engineering and Technical Support,OT
3217,January 2014,Rest Day Pay,14.0,1038.66,Factory A,"Supply Chain, Logistics and Procurement",Premium Pay
2404,January 2014,Rest Day on Holiday Pay,6.0,734.34,Factory A,Manufacturing,Premium Pay
9435,January 2014,Rest Day Premium Pay,16.0,267.04,Factory A,Engineering and Technical Support,Premium Pay
947,January 2014,Special Holiday Premium,8.0,184.88,Factory A,"Supply Chain, Logistics and Procurement",Premium Pay
5930,January 2014,Special Holiday Premium,16.0,294.4,Factory A,Manufacturing,Premium Pay
1206,January 2014,Rest Day Pay,2.0,110.64,Factory A,Manufacturing,Premium Pay
2222,January 2014,OT Regular,20.0,2464.6,Factory A,Manufacturing,OT
6693,January 2014,OT Regular,4.0,289.6,Factory A,Manufacturing,OT
2228,January 2014,Rest Day Pay,2.0,286.36,Factory A,Engineering and Technical Support,Premium Pay
3453,January 2014,Legal Holiday Pay,8.0,445.04,Factory A,Engineering and Technical Support,Premium Pay
5345,January 2014,OT Rest day,4.0,449.68,Factory A,"Supply Chain, Logistics and Procurement",OT
1626,January 2014,OT Regular,20.0,2960.2,Factory A,Manufacturing,OT
9877,January 2014,Special Holiday Premium,6.0,364.02,Factory A,Manufacturing,Premium Pay
6122,January 2014,Night Premium,8.0,50.8,Factory A,Manufacturing,Night Differential
3601,January 2014,Night Premium,16.0,118.88,Factory A,Engineering and Technical Support,Night Differential
8110,January 2014,Rest Day Pay,7.77,591.53,Factory A,"Supply Chain, Logistics and Procurement",Premium Pay
5136,January 2014,Night Premium,27.0,147.96,Factory A,Manufacturing,Night Differential
8230,January 2014,Special Holiday Premium,10.0,241.6,Factory A,Manufacturing,Premium Pay
6386,January 2014,Legal Holiday Premium Pay,8.0,387.04,Factory A,Manufacturing,Premium Pay
7860,January 2014,OT Special Holiday,4.0,494.16,Factory A,Manufacturing,OT
2404,January 2014,OT Rest day,4.0,827.36,Factory A,Manufacturing,OT
159,January 2014,OT Regular,8.0,556.24,Factory A,Engineering and Technical Support,OT
1150,January 2014,OT Rest day,8.0,726.72,Factory A,"Supply Chain, Logistics and Procurement",OT
4022,January 2014,OT Rest day,3.93,477.02,Factory A,Manufacturing,OT
660,January 2014,Night Premium,26.0,133.38,Factory A,Manufacturing,Night Differential
728,January 2014,OT Rest day,2.0,242.76,Factory A,Manufacturing,OT
7428,January 2014,Rest Day Pay,2.0,143.64,Factory A,Manufacturing,Premium Pay
9429,January 2014,Special Holiday Premium,6.0,127.02,Factory A,Manufacturing,Premium Pay
3270,January 2014,OT Regular,18.0,2791.98,Factory A,"Supply Chain, Logistics and Procurement",OT
2074,January 2014,Night Premium,16.0,171.2,Factory A,Engineering and Technical Support,Night Differential
4553,January 2014,Rest Day Pay,16.0,860.0,Factory A,Manufacturing,Premium Pay
6544,January 2014,OT Regular,58.81,5601.65,Factory A,"Supply Chain, Logistics and Procurement",OT
8276,January 2014,Rest Day Pay,16.0,2315.68,Factory A,"Supply Chain, Logistics and Procurement",Premium Pay
2717,January 2014,OT Regular,12.0,776.4,Factory A,Manufacturing,OT
8440,January 2014,Special Holiday Premium,2.0,43.1,Factory A,Manufacturing,Premium Pay
1126,January 2014,OT Rest day,0.1,15.65,Factory A,Engineering and Technical Support,OT
6413,January 2014,OT Regular,19.0,1706.77,Factory A,Manufacturing,OT
9499,January 2014,Night Premium,22.0,176.66,Factory A,Manufacturing,Night Differential
5860,January 2014,Rest Day Pay,16.0,1334.08,Factory A,Manufacturing,Premium Pay
7870,January 2014,Rest Day Premium Pay,16.0,367.52,Factory A,Manufacturing,Premium Pay
3387,January 2014,Special Holiday Premium,16.0,248.48,Factory A,Manufacturing,Premium Pay
1453,January 2014,Rest Day Pay,16.0,1226.88,Factory A,Engineering and Technical Support,Premium Pay
5443,January 2014,Rest Day Pay,8.0,586.16,Factory A,"Supply Chain, Logistics and Procurement",Premium Pay
9136,January 2014,Special Holiday Premium,8.0,195.44,Factory A,Manufacturing,Premium Pay
8986,January 2014,Special Holiday Premium,6.0,134.1,Factory A,Engineering and Technical Support,Premium Pay
8894,January 2014,Rest Day Pay,8.0,670.88,Factory A,Manufacturing,Premium Pay
7422,January 2014,Special Holiday Premium,2.0,40.28,Factory A,Manufacturing,Premium Pay
8837,January 2014,Rest Day Pay,8.0,475.6,Factory A,Manufacturing,Premium Pay
6297,January 2014,Rest Day Pay,2.0,329.32,Factory A,Manufacturing,Premium Pay
5031,January 2014,OT Regular,48.0,5601.12,Factory A,Manufacturing,OT
405,January 2014,Rest Day Pay,8.0,472.4,Factory A,Manufacturing,Premium Pay
9606,January 2014,Night Premium,36.0,199.44,Factory A,Engineering and Technical Support,Night Differential
8076,January 2014,OT Rest day,5.12,801.43,Factory A,"Supply Chain, Logistics and Procurement",OT
5836,January 2014,OT Rest day,7.05,855.73,Factory A,"Supply Chain, Logistics and Procurement",OT
6164,January 2014,Night Premium,10.0,51.8,Factory A,Manufacturing,Night Differential
2302,January 2014,OT Regular,31.76,3805.17,Factory A,Engineering and Technical Support,OT
6278,January 2014,OT Rest day,15.95,1546.67,Factory A,"Supply Chain, Logistics and Procurement",OT
8617,January 2014,OT Rest day,16.0,1504.0,Factory A,Engineering and Technical Support,OT
4180,January 2014,Night Premium,44.0,435.6,Factory A,Manufacturing,Night Differential
4042,January 2014,Special Holiday Premium,6.0,202.08,Factory A,Manufacturing,Premium Pay
8381,January 2014,Rest Day Pay,16.0,790.08,Factory A,Manufacturing,Premium Pay
7164,January 2014,Night Premium,33.0,951.72,Factory A,Manufacturing,Night Differential
2858,January 2014,Night Premium,28.0,405.16,Factory A,"Supply Chain, Logistics and Procurement",Night Differential
1154,January 2014,OT Regular,1.5,153.84,Factory A,Finance and Accounting,OT
2179,January 2014,OT Regular,8.0,634.72,Factory A,Engineering and Technical Support,OT
5888,January 2014,Night Premium,16.0,202.24,Factory A,Manufacturing,Night Differential
5128,January 2014,Rest Day Pay,7.77,1566.12,Factory A,Engineering and Technical Support,Premium Pay
778,January 2014,Rest Day Premium Pay,16.0,267.04,Factory A,Manufacturing,Premium Pay
5303,January 2014,OT Regular,4.0,265.96,Factory A,Manufacturing,OT
3025,January 2014,OT Regular,3.67,360.98,Factory A,"Supply Chain, Logistics and Procurement",OT
3884,January 2014,Special Holiday Premium,8.0,161.2,Factory A,Manufacturing,Premium Pay
6145,January 2014,OT Rest day,4.0,539.52,Factory A,Manufacturing,OT
55,January 2014,OT Regular,12.0,1377.12,Factory A,Manufacturing,OT
7490,January 2014,Special Holiday Premium,8.0,149.68,Factory A,Manufacturing,Premium Pay
5885,January 2014,OT Rest day,0.43,69.91,Factory A,Manufacturing,OT
3710,January 2014,OT Regular,19.5,2118.68,Factory A,Manufacturing,OT
8653,January 2014,Night Premium,60.0,1143.0,Factory A,Manufacturing,Night Differential
2373,January 2014,OT Rest day,4.0,376.04,Factory A,Engineering and Technical Support,OT
8996,January 2014,Special Holiday Premium,8.0,183.44,Factory A,Engineering and Technical Support,Premium Pay
9326,January 2014,OT Regular,44.0,6519.04,Factory A,Manufacturing,OT
9174,January 2014,Night Premium,36.0,483.84,Factory A,Engineering and Technical Support,Night Differential
3427,January 2014,Rest Day Pay,8.0,450.0,Factory A,"Supply Chain, Logistics and Procurement",Premium Pay
120,January 2014,Night Premium,60.0,984.6,Factory A,"Supply Chain, Logistics and Procurement",Night Differential
3713,January 2014,Special Holiday Premium,8.0,154.64,Factory A,"Supply Chain, Logistics and Procurement",Premium Pay
3525,January 2014,Night Premium,2.0,10.64,Factory A,Manufacturing,Night Differential
8634,January 2014,OT Special Holiday,8.0,699.76,Factory A,Manufacturing,OT
9839,January 2014,Rest Day Premium Pay,16.0,335.52,Factory A,Manufacturing,Premium Pay
5305,January 2014,Special Holiday Premium,8.0,178.08,Factory A,Engineering and Technical Support,Premium Pay
3174,January 2014,OT Rest day,4.0,759.84,Factory A,Manufacturing,OT
2352,January 2014,Night Premium,19.0,117.23,Factory A,Manufacturing,Night Differential
627,January 2014,Special Holiday Premium,8.0,248.88,Factory A,Manufacturing,Premium Pay
4458,January 2014,Legal Holiday Premium Pay,2.0,154.74,Factory A,Engineering and Technical Support,Premium Pay
7245,January 2014,Night Premium,22.0,139.7,Factory A,Manufacturing,Night Differential
1148,January 2014,Night Premium,28.0,428.4,Factory A,"Supply Chain, Logistics and Procurement",Night Differential
4953,January 2014,Rest Day Premium Pay,18.0,387.9,Factory A,"Supply Chain, Logistics and Procurement",Premium Pay
573,January 2014,Night Premium,16.0,244.8,Factory A,Manufacturing,Night Differential
7517,January 2014,OT Regular,8.0,1198.72,Factory A,Engineering and Technical Support,OT
4558,January 2014,Rest Day Pay,8.0,479.2,Factory A,Manufacturing,Premium Pay
5542,January 2014,OT Regular,9.0,822.24,Factory A,Engineering and Technical Support,OT
247,January 2014,Rest Day Premium Pay,16.0,260.96,Factory A,Manufacturing,Premium Pay
3174,January 2014,OT Special Holiday,4.0,759.84,Factory A,Manufacturing,OT
1191,January 2014,OT Regular,8.0,556.24,Factory A,Manufacturing,OT
5405,January 2014,OT Regular,8.0,981.84,Factory A,Manufacturing,OT
4711,January 2014,OT Regular,37.0,4876.23,Factory A,Research and Development,OT
2463,January 2014,Rest Day Premium Pay,10.0,215.5,Factory A,Manufacturing,Premium Pay
6977,January 2014,OT Regular,40.0,5861.2,Factory A,Manufacturing,OT
6900,January 2014,Rest Day Pay,16.0,1118.4,Factory A,Engineering and Technical Support,Premium Pay
5390,January 2014,Special Holiday Premium,8.0,181.04,Factory A,"Supply Chain, Logistics and Procurement",Premium Pay
7827,January 2014,OT Special Holiday,3.0,836.25,Factory A,Manufacturing,OT
9689,January 2014,OT Regular,28.0,3700.2,Factory A,Manufacturing,OT
449,January 2014,Night Premium,44.0,429.88,Factory A,Manufacturing,Night Differential
2550,January 2014,Night Premium,30.0,448.5,Factory A,Engineering and Technical Support,Night Differential
8666,January 2014,Rest Day Pay,16.0,1149.12,Factory A,"Supply Chain, Logistics and Procurement",Premium Pay
7838,January 2014,Rest Day Pay,16.0,1074.08,Factory A,Manufacturing,Premium Pay
6816,January 2014,Rest Day Premium Pay,8.0,285.28,Factory A,Manufacturing,Premium Pay
428,January 2014,Special Holiday Premium,8.0,195.44,Factory A,Engineering and Technical Support,Premium Pay
2253,January 2014,Legal Holiday Pay,8.0,788.16,Factory A,Engineering and Technical Support,Premium Pay
1856,January 2014,Rest Day Premium Pay,8.0,172.4,Factory A,Manufacturing,Premium Pay
4093,January 2014,Rest Day Pay,8.0,1345.52,Factory A,Manufacturing,Premium Pay
7916,January 2014,Special Holiday Premium,8.0,172.4,Factory A,"Supply Chain, Logistics and Procurement",Premium Pay
906,January 2014,OT Regular,16.0,1350.08,Factory A,Manufacturing,OT
3790,January 2014,OT Special Holiday,4.0,388.92,Factory A,Manufacturing,OT
6297,January 2014,OT Regular,28.0,5763.24,Factory A,Manufacturing,OT
4026,January 2014,Rest Day Pay,15.83,946.63,Factory A,Engineering and Technical Support,Premium Pay
139,January 2014,Rest Day Premium Pay,8.0,170.88,Factory A,Engineering and Technical Support,Premium Pay
2623,January 2014,OT Regular,8.0,1113.6,Factory A,Manufacturing,OT
329,January 2014,Rest Day Premium Pay,8.0,182.88,Factory A,Engineering and Technical Support,Premium Pay
1582,January 2014,Special Holiday Premium,6.0,298.38,Factory A,Manufacturing,Premium Pay
2239,January 2014,Rest Day Premium Pay,16.0,296.96,Factory A,Manufacturing,Premium Pay
743,January 2014,Night Premium,38.0,338.96,Factory A,Manufacturing,Night Differential
159,January 2014,Rest Day Pay,8.0,444.96,Factory A,Engineering and Technical Support,Premium Pay
2017,January 2014,Special Holiday Premium,8.0,315.2,Factory A,Manufacturing,Premium Pay
8076,January 2014,Night Premium,42.0,388.92,Factory A,"Supply Chain, Logistics and Procurement",Night Differential
5648,January 2014,OT Regular,8.0,1944.8,Factory A,Manufacturing,OT
7569,January 2014,Rest Day Pay,16.0,889.92,Factory A,Manufacturing,Premium Pay
4517,January 2014,OT Special Holiday,2.0,323.98,Factory A,Engineering and Technical Support,OT
4024,January 2014,Rest Day Pay,16.0,1212.96,Factory A,Manufacturing,Premium Pay
3174,January 2014,Night Premium,4.0,44.96,Factory A,Manufacturing,Night Differential
4042,January 2014,Night Premium,30.0,336.9,Factory A,Manufacturing,Night Differential
2503,January 2014,Night Premium,42.0,584.22,Factory A,Manufacturing,Night Differential
7046,January 2014,Night Premium,24.0,333.84,Factory A,Engineering and Technical Support,Night Differential
9931,January 2014,Night Premium,36.0,447.48,Factory A,Manufacturing,Night Differential
8638,January 2014,Night Premium,22.0,182.38,Factory A,Manufacturing,Night Differential
5161,January 2014,Legal Holiday Premium Pay,7.93,612.83,Factory A,Engineering and Technical Support,Premium Pay
7330,January 2014,OT Special Holiday,8.0,803.76,Factory A,Manufacturing,OT
4452,January 2014,Rest Day Pay,16.0,2173.12,Factory A,Manufacturing,Premium Pay
2074,January 2014,Rest Day Premium Pay,2.0,64.2,Factory A,Engineering and Technical Support,Premium Pay
5504,January 2014,Special Holiday Premium,8.0,222.32,Factory A,"Supply Chain, Logistics and Procurement",Premium Pay
2527,January 2014,Special Holiday Premium,2.0,45.72,Factory A,Engineering and Technical Support,Premium Pay
7502,January 2014,OT Regular,16.0,1320.16,Factory A,Manufacturing,OT
5316,January 2014,Rest Day Premium Pay,16.0,414.4,Factory A,Engineering and Technical Support,Premium Pay
7268,January 2014,OT Regular,48.0,7087.2,Factory A,"Supply Chain, Logistics and Procurement",OT
5113,January 2014,Night Premium,8.0,57.44,Factory A,Manufacturing,Night Differential
9721,January 2014,Rest Day Premium Pay,10.0,169.9,Factory A,Manufacturing,Premium Pay
6671,January 2014,OT Regular,59.2,5831.79,Factory A,"Supply Chain, Logistics and Procurement",OT
6762,January 2014,OT Rest day,4.0,485.52,Factory A,Manufacturing,OT
2831,January 2014,OT Regular,21.55,1303.34,Factory A,Manufacturing,OT
2400,January 2014,OT Special Holiday,4.0,522.6,Factory A,Engineering and Technical Support,OT
6598,January 2014,Special Holiday Premium,8.0,222.32,Factory A,Manufacturing,Premium Pay
6816,January 2014,Night Premium,12.0,142.68,Factory A,Manufacturing,Night Differential
6086,January 2014,Special Holiday Premium,8.0,162.0,Factory A,Manufacturing,Premium Pay
4442,January 2014,OT Special Holiday,2.58,324.69,Factory A,Manufacturing,OT
7173,January 2014,Night Premium,24.0,180.24,Factory A,Manufacturing,Night Differential
1930,January 2014,OT Rest day,4.0,514.76,Factory A,Manufacturing,OT
5773,January 2014,Night Premium,44.0,259.16,Factory A,Manufacturing,Night Differential
7914,January 2014,Night Premium,8.0,63.44,Factory A,Manufacturing,Night Differential
809,January 2014,Legal Holiday Premium Pay,8.0,601.76,Factory A,Engineering and Technical Support,Premium Pay
4773,January 2014,Night Premium,36.0,500.76,Factory A,Manufacturing,Night Differential
5836,January 2014,OT Special Holiday,5.83,707.65,Factory A,"Supply Chain, Logistics and Procurement",OT
8353,January 2014,Legal Holiday Premium Pay,6.87,365.42,Factory A,Manufacturing,Premium Pay
4130,January 2014,Rest Day Premium Pay,8.0,133.52,Factory A,Engineering and Technical Support,Premium Pay
1814,January 2014,OT Regular,48.0,6343.2,Factory A,Engineering and Technical Support,OT
2698,January 2014,Night Premium,16.0,82.88,Factory A,Manufacturing,Night Differential
3908,January 2014,Legal Holiday Premium Pay,8.0,970.56,Factory A,Manufacturing,Premium Pay
2713,January 2014,Rest Day Pay,16.0,2648.16,Factory A,Manufacturing,Premium Pay
2590,January 2014,OT Regular,10.0,1465.3,Factory A,Manufacturing,OT
3858,January 2014,OT Rest day,1.49,385.19,Factory A,Engineering and Technical Support,OT
3712,January 2014,OT Regular,82.1,7370.94,Factory A,"Supply Chain, Logistics and Procurement",OT
2706,January 2014,OT Rest day,8.0,1003.04,Factory A,Legal and Compliance,OT
5051,January 2014,OT Regular,8.11,728.68,Factory A,Sales and Business Development,OT
3427,January 2014,Special Holiday Premium,8.0,135.04,Factory A,"Supply Chain, Logistics and Procurement",Premium Pay
8935,January 2014,Rest Day Premium Pay,16.0,267.04,Factory A,Manufacturing,Premium Pay
4914,January 2014,OT Special Holiday,4.0,479.96,Factory A,Manufacturing,OT
9529,January 2014,OT Special Holiday,4.0,1068.08,Factory A,"Supply Chain, Logistics and Procurement",OT
7932,January 2014,Rest Day Pay,16.0,1216.96,Factory A,Engineering and Technical Support,Premium Pay
4763,January 2014,OT Regular,3.0,445.68,Factory A,Manufacturing,OT
7575,January 2014,Rest Day Pay,8.0,444.96,Factory A,Engineering and Technical Support,Premium Pay
3118,January 2014,Night Premium,59.53,1072.73,Factory A,Engineering and Technical Support,Night Differential
7001,January 2014,Rest Day Premium Pay,2.0,60.66,Factory A,Manufacturing,Premium Pay
3387,January 2014,Rest Day Pay,2.0,103.52,Factory A,Manufacturing,Premium Pay
3103,January 2014,Night Premium,42.0,221.34,Factory A,Manufacturing,Night Differential
4770,January 2014,Night Premium,34.0,247.18,Factory A,"Supply Chain, Logistics and Procurement",Night Differential
329,January 2014,Legal Holiday Premium Pay,8.0,609.52,Factory A,Engineering and Technical Support,Premium Pay
997,January 2014,Rest Day Premium Pay,16.0,570.56,Factory A,Engineering and Technical Support,Premium Pay
2071,January 2014,Rest Day on Holiday Pay,8.0,469.28,Factory A,Manufacturing,Premium Pay
1961,January 2014,OT Regular,24.0,3469.44,Factory A,Manufacturing,OT
2831,January 2014,Special Holiday Premium,8.0,116.08,Factory A,Manufacturing,Premium Pay
2357,January 2014,Rest Day Premium Pay,8.0,172.4,Factory A,Manufacturing,Premium Pay
5536,January 2014,OT Special Holiday,4.0,759.84,Factory A,Manufacturing,OT
6291,January 2014,Rest Day Premium Pay,16.0,473.92,Factory A,Engineering and Technical Support,Premium Pay
9799,January 2014,Rest Day Premium Pay,16.0,278.08,Factory A,Engineering and Technical Support,Premium Pay
6582,January 2014,Rest Day Pay,16.0,1292.32,Factory A,Manufacturing,Premium Pay
9529,January 2014,OT Regular,46.87,9256.83,Factory A,"Supply Chain, Logistics and Procurement",OT
7033,January 2014,Rest Day Pay,16.0,1220.0,Factory A,Manufacturing,Premium Pay
7136,January 2014,Legal Holiday Premium Pay,8.0,713.12,Factory A,Engineering and Technical Support,Premium Pay
3504,January 2014,Legal Holiday Pay,8.0,445.04,Factory A,Engineering and Technical Support,Premium Pay
5303,January 2014,OT Regular,19.98,1328.47,Factory A,Manufacturing,OT
1692,January 2014,Rest Day Pay,16.0,1218.08,Factory A,"Supply Chain, Logistics and Procurement",Premium Pay
6476,January 2014,Rest Day Pay,8.0,430.0,Factory A,Engineering and Technical Support,Premium Pay
9670,January 2014,OT Regular,12.0,1078.2,Factory A,Manufacturing,OT
5144,January 2014,Rest Day on Holiday Pay,2.0,162.94,Factory A,Manufacturing,Premium Pay
7390,January 2014,OT Special Holiday,4.0,372.36,Factory A,Quality Management,OT
763,January 2014,Night Premium,6.0,31.98,Factory A,Manufacturing,Night Differential
1120,January 2014,Rest Day Pay,16.0,900.0,Factory A,"Supply Chain, Logistics and Procurement",Premium Pay
1104,January 2014,Rest Day Premium Pay,16.0,791.68,Factory A,Manufacturing,Premium Pay
502,January 2014,Night Premium,46.0,703.8,Factory A,Manufacturing,Night Differential
4108,January 2014,Legal Holiday Pay,8.0,629.52,Factory A,"Supply Chain, Logistics and Procurement",Premium Pay
5516,January 2014,Night Premium,36.0,258.48,Factory A,"Supply Chain, Logistics and Procurement",Night Differential
3239,January 2014,OT Regular,6.0,587.76,Factory A,Engineering and Technical Support,OT
94,January 2014,OT Regular,48.0,3450.72,Factory A,"Supply Chain, Logistics and Procurement",OT
933,January 2014,Special Holiday Premium,7.0,214.83,Factory A,Manufacturing,Premium Pay
9393,January 2014,Rest Day Premium Pay,2.0,35.8,Factory A,Manufacturing,Premium Pay
1006,January 2014,Night Premium,20.0,122.6,Factory A,Manufacturing,Night Differential
957,January 2014,OT Regular,8.0,623.84,Factory A,Manufacturing,OT
3212,January 2014,Rest Day Premium Pay,15.45,296.64,Factory A,Engineering and Technical Support,Premium Pay
454,January 2014,Rest Day Premium Pay,8.0,205.12,Factory A,Manufacturing,Premium Pay
6086,January 2014,Rest Day Pay,16.0,1080.0,Factory A,Manufacturing,Premium Pay
6071,January 2014,Rest Day Premium Pay,16.0,341.76,Factory A,Manufacturing,Premium Pay
1446,January 2014,Rest Day Pay,16.0,1442.24,Factory A,Manufacturing,Premium Pay
2400,January 2014,Rest Day Pay,16.0,1236.96,Factory A,Engineering and Technical Support,Premium Pay
4251,January 2014,Legal Holiday Premium Pay,8.0,454.0,Factory A,Engineering and Technical Support,Premium Pay
5460,January 2014,Night Premium,38.0,516.42,Factory A,Manufacturing,Night Differential
2359,January 2014,Rest Day Premium Pay,16.0,344.8,Factory A,Manufacturing,Premium Pay
1446,January 2014,OT Regular,8.0,901.44,Factory A,Manufacturing,OT
7916,January 2014,OT Regular,44.0,3950.32,Factory A,"Supply Chain, Logistics and Procurement",OT
2173,January 2014,Special Holiday Premium,10.0,181.1,Factory A,Manufacturing,Premium Pay
551,January 2014,Night Premium,44.0,397.32,Factory A,Manufacturing,Night Differential
8392,January 2014,Rest Day Premium Pay,16.0,354.56,Factory A,Manufacturing,Premium Pay
8162,January 2014,OT Regular,32.0,3569.6,Factory A,"Supply Chain, Logistics and Procurement",OT
171,January 2014,Night Premium,30.0,417.3,Factory A,Engineering and Technical Support,Night Differential
6693,January 2014,Special Holiday Premium,8.0,139.04,Factory A,Manufacturing,Premium Pay
9987,January 2014,Rest Day Pay,8.0,478.4,Factory A,Engineering and Technical Support,Premium Pay
3482,January 2014,Special Holiday Premium,7.77,161.31,Factory A,Engineering and Technical Support,Premium Pay
5294,January 2014,Night Premium,42.0,798.6,Factory A,Engineering and Technical Support,Night Differential
4756,January 2014,OT Rest day,8.0,1465.28,Factory A,Manufacturing,OT
1737,January 2014,OT Regular,15.0,907.2,Factory A,Manufacturing,OT
3455,January 2014,OT Regular,8.0,517.6,Factory A,Manufacturing,OT
9799,January 2014,OT Regular,16.0,1158.4,Factory A,Engineering and Technical Support,OT
455,January 2014,Rest Day Pay,16.0,1341.76,Factory A,Engineering and Technical Support,Premium Pay
3329,January 2014,Rest Day Premium Pay,16.0,416.0,Factory A,Manufacturing,Premium Pay
271,January 2014,Rest Day Pay,8.0,830.8,Factory A,Manufacturing,Premium Pay
6235,January 2014,Night Premium,48.0,980.16,Factory A,Manufacturing,Night Differential
1301,January 2014,Rest Day Premium Pay,7.23,155.81,Factory A,Manufacturing,Premium Pay
5226,January 2014,Rest Day Pay,16.0,2465.44,Factory A,Manufacturing,Premium Pay
6539,January 2014,Night Premium,50.0,391.5,Factory A,Engineering and Technical Support,Night Differential
3812,January 2014,Night Premium,60.0,1141.2,Factory A,Engineering and Technical Support,Night Differential
5685,January 2014,OT Regular,12.0,814.32,Factory A,Manufacturing,OT
947,January 2014,OT Rest day,9.0,1171.62,Factory A,"Supply Chain, Logistics and Procurement",OT
9393,January 2014,Night Premium,30.0,179.1,Factory A,Manufacturing,Night Differential
8059,January 2014,Special Holiday Premium,8.0,136.24,Factory A,Engineering and Technical Support,Premium Pay
5927,January 2014,Rest Day Pay,18.04,2405.27,Factory A,Manufacturing,Premium Pay
6894,January 2014,Legal Holiday Premium Pay,8.0,937.76,Factory A,Manufacturing,Premium Pay
4914,January 2014,Rest Day Premium Pay,2.0,42.6,Factory A,Manufacturing,Premium Pay
5344,January 2014,Night Premium,45.0,367.2,Factory A,Quality Management,Night Differential
8354,January 2014,Legal Holiday Premium Pay,8.0,789.76,Factory A,Engineering and Technical Support,Premium Pay
923,January 2014,OT Rest day,7.57,1484.55,Factory A,Research and Development,OT
6953,January 2014,Legal Holiday Premium Pay,8.0,607.84,Factory A,Manufacturing,Premium Pay
2017,January 2014,OT Regular,52.0,8537.36,Factory A,Manufacturing,OT
3785,January 2014,Rest Day Premium Pay,8.0,185.44,Factory A,Manufacturing,Premium Pay
6669,January 2014,OT Regular,4.0,370.96,Factory A,Manufacturing,OT
9228,January 2014,Legal Holiday Premium Pay,6.83,296.29,Factory A,Manufacturing,Premium Pay
8895,January 2014,Rest Day Premium Pay,8.0,198.48,Factory A,General Administration,Premium Pay
2563,January 2014,Night Premium,14.0,72.52,Factory A,Manufacturing,Night Differential
2638,January 2014,OT Special Holiday,4.0,509.92,Factory A,Engineering and Technical Support,OT
9145,January 2014,OT Regular,16.0,1521.28,Factory A,Engineering and Technical Support,OT
1376,January 2014,OT Regular,8.0,860.8,Factory A,Manufacturing,OT
1528,January 2014,OT Regular,46.0,4237.06,Factory A,Manufacturing,OT
8617,January 2014,Rest Day Pay,16.0,889.92,Factory A,Engineering and Technical Support,Premium Pay
454,January 2014,OT Regular,8.0,854.64,Factory A,Manufacturing,OT
405,January 2014,Night Premium,2.0,11.82,Factory A,Manufacturing,Night Differential
7759,January 2014,Special Holiday Premium,8.0,274.32,Factory A,Manufacturing,Premium Pay
2654,January 2014,OT Regular,12.0,1597.56,Factory A,Engineering and Technical Support,OT
6603,January 2014,Special Holiday Premium,8.0,129.04,Factory A,Engineering and Technical Support,Premium Pay
2677,January 2014,Rest Day Premium Pay,15.98,344.37,Factory A,Manufacturing,Premium Pay
1941,January 2014,Night Premium,36.0,217.44,Factory A,Manufacturing,Night Differential
5329,January 2014,Rest Day Pay,8.0,623.6,Factory A,Manufacturing,Premium Pay
3756,January 2014,OT Rest day,1.0,222.57,Factory A,Manufacturing,OT
5107,January 2014,Rest Day Premium Pay,14.0,229.74,Factory A,Information Technology,Premium Pay
73,January 2014,OT Regular,20.0,2940.8,Factory A,Manufacturing,OT
7034,January 2014,OT Regular,5.0,332.45,Factory A,"Supply Chain, Logistics and Procurement",OT
2460,January 2014,Rest Day Premium Pay,8.0,660.08,Factory A,Engineering and Technical Support,Premium Pay
482,January 2014,Rest Day Pay,8.0,580.0,Factory A,Engineering and Technical Support,Premium Pay
8276,January 2014,Rest Day Pay,16.0,2315.68,Factory A,"Supply Chain, Logistics and Procurement",Premium Pay
3091,January 2014,OT Regular,6.0,395.34,Factory A,"Supply Chain, Logistics and Procurement",OT
3601,January 2014,Rest Day Pay,2.0,148.64,Factory A,Engineering and Technical Support,Premium Pay
8504,January 2014,Rest Day Premium Pay,16.0,307.2,Factory A,Engineering and Technical Support,Premium Pay
3340,January 2014,Special Holiday Premium,16.0,246.08,Factory A,Manufacturing,Premium Pay
4757,January 2014,OT Rest day,8.0,1008.08,Factory A,Engineering and Technical Support,OT
9565,January 2014,Rest Day Pay,8.0,930.48,Factory A,Manufacturing,Premium Pay
2475,January 2014,Rest Day Pay,17.05,1732.28,Factory A,Human Resources,Premium Pay
1477,January 2014,OT Special Holiday,3.0,1560.0,Factory A,Engineering and Technical Support,OT
4834,January 2014,OT Regular,16.0,1628.8,Factory A,Engineering and Technical Support,OT
428,January 2014,Night Premium,36.0,732.96,Factory A,Engineering and Technical Support,Night Differential
1845,January 2014,OT Regular,27.37,3834.26,Factory A,"Supply Chain, Logistics and Procurement",OT
1390,January 2014,OT Regular,16.0,1597.28,Factory A,Manufacturing,OT
3217,January 2014,OT Regular,59.0,5471.66,Factory A,"Supply Chain, Logistics and Procurement",OT
3756,January 2014,Rest Day Pay,16.0,2107.2,Factory A,Manufacturing,Premium Pay
3732,January 2014,Night Premium,48.0,444.0,Factory A,Manufacturing,Night Differential
247,January 2014,Special Holiday Premium,7.78,126.89,Factory A,Manufacturing,Premium Pay
9004,January 2014,Night Premium,26.9,186.69,Factory A,Engineering and Technical Support,Night Differential
779,January 2014,Legal Holiday Premium Pay,8.0,458.96,Factory A,Engineering and Technical Support,Premium Pay
4069,January 2014,OT Rest day,8.0,951.52,Factory A,Manufacturing,OT
1446,January 2014,Rest Day Premium Pay,16.0,432.64,Factory A,Manufacturing,Premium Pay
9721,January 2014,OT Regular,12.0,849.48,Factory A,Manufacturing,OT
573,January 2014,OT Rest day,4.0,1034.08,Factory A,Manufacturing,OT
1580,January 2014,Night Premium,36.0,640.8,Factory A,Manufacturing,Night Differential
7000,January 2014,Rest Day Premium Pay,16.0,345.92,Factory A,Engineering and Technical Support,Premium Pay
2103,January 2014,OT Regular,4.0,359.56,Factory A,Manufacturing,OT
6523,January 2014,OT Regular,8.0,887.2,Factory A,Manufacturing,OT
1564,January 2014,OT Regular,24.0,2154.72,Factory A,Manufacturing,OT
7797,January 2014,OT Regular,36.0,6883.56,Factory A,Engineering and Technical Support,OT
2550,January 2014,Rest Day Pay,16.0,956.8,Factory A,Engineering and Technical Support,Premium Pay
7746,January 2014,Rest Day Pay,16.0,1149.12,Factory A,Manufacturing,Premium Pay
5960,January 2014,OT Regular,12.0,901.8,Factory A,Manufacturing,OT
2956,January 2014,Rest Day Pay,16.0,1659.36,Factory A,Manufacturing,Premium Pay
3387,January 2014,OT Special Holiday,4.0,349.88,Factory A,Manufacturing,OT
5542,January 2014,OT Regular,4.0,365.44,Factory A,Engineering and Technical Support,OT
2260,January 2014,Rest Day Pay,16.0,1212.96,Factory A,Manufacturing,Premium Pay
4881,January 2014,OT Special Holiday,2.0,238.86,Factory A,Manufacturing,OT
6419,January 2014,Special Holiday Premium,8.0,222.32,Factory A,Engineering and Technical Support,Premium Pay
9903,January 2014,OT Regular,25.0,2284.0,Factory A,Engineering and Technical Support,OT
3871,January 2014,Night Premium,68.0,513.4,Factory A,"Supply Chain, Logistics and Procurement",Night Differential
6069,January 2014,OT Regular,8.0,718.24,Factory A,Manufacturing,OT
1120,January 2014,Rest Day Premium Pay,16.0,270.08,Factory A,"Supply Chain, Logistics and Procurement",Premium Pay
3094,January 2014,Special Holiday Premium,2.0,47.32,Factory A,Engineering and Technical Support,Premium Pay
401,January 2014,OT Regular,32.0,4027.52,Factory A,Research and Development,OT
2992,January 2014,OT Regular,16.0,1035.2,Factory A,Manufacturing,OT
8076,January 2014,OT Special Holiday,3.0,469.59,Factory A,"Supply Chain, Logistics and Procurement",OT
3123,January 2014,Legal Holiday Premium Pay,7.13,426.37,Factory A,Engineering and Technical Support,Premium Pay
1041,January 2014,Night Premium,36.0,629.28,Factory A,Engineering and Technical Support,Night Differential
841,January 2014,Legal Holiday Pay,6.67,709.15,Factory A,Manufacturing,Premium Pay
4773,January 2014,Rest Day Premium Pay,8.0,133.52,Factory A,Manufacturing,Premium Pay
415,January 2014,Rest Day Premium Pay,16.0,748.0,Factory A,"Supply Chain, Logistics and Procurement",Premium Pay
5071,January 2014,OT Regular,8.0,1098.32,Factory A,Manufacturing,OT
8078,January 2014,Night Premium,54.0,1217.16,Factory A,Manufacturing,Night Differential
351,January 2014,Rest Day Premium Pay,8.0,404.8,Factory A,Manufacturing,Premium Pay
1053,January 2014,OT Regular,32.0,2495.36,Factory A,"Supply Chain, Logistics and Procurement",OT
7054,January 2014,Special Holiday Premium,8.0,334.96,Factory A,Manufacturing,Premium Pay
2426,January 2014,OT Regular,16.0,1147.68,Factory A,Engineering and Technical Support,OT
6612,January 2014,OT Regular,39.0,7457.19,Factory A,Engineering and Technical Support,OT
5305,January 2014,Rest Day Pay,8.0,593.52,Factory A,Engineering and Technical Support,Premium Pay
6278,January 2014,Special Holiday Premium,8.0,137.68,Factory A,"Supply Chain, Logistics and Procurement",Premium Pay
5247,January 2014,OT Regular,24.0,2224.56,Factory A,Engineering and Technical Support,OT
6610,January 2014,Rest Day Premium Pay,16.0,389.12,Factory A,Engineering and Technical Support,Premium Pay
1512,January 2014,OT Regular,14.0,1339.94,Factory A,Manufacturing,OT
5771,January 2014,Rest Day Pay,6.0,319.14,Factory A,Manufacturing,Premium Pay
2357,January 2014,Rest Day Pay,8.0,574.56,Factory A,Manufacturing,Premium Pay
1256,January 2014,OT Regular,19.0,1656.61,Factory A,"Supply Chain, Logistics and Procurement",OT
2071,January 2014,OT Regular,32.0,2346.56,Factory A,Manufacturing,OT
1727,January 2014,OT Regular,41.5,3583.94,Factory A,"Supply Chain, Logistics and Procurement",OT
1453,January 2014,Special Holiday Premium,8.0,184.0,Factory A,Engineering and Technical Support,Premium Pay
9090,January 2014,Rest Day Premium Pay,14.0,353.36,Factory A,Manufacturing,Premium Pay
7370,January 2014,Night Premium,24.0,181.92,Factory A,Manufacturing,Night Differential
6156,January 2014,Night Premium,30.0,180.3,Factory A,Manufacturing,Night Differential
7204,January 2014,Night Premium,20.0,188.6,Factory A,Engineering and Technical Support,Night Differential
8729,January 2014,Rest Day Pay,4.0,217.64,Factory A,Manufacturing,Premium Pay
7136,January 2014,Rest Day Pay,15.89,1416.43,Factory A,Engineering and Technical Support,Premium Pay
5118,January 2014,OT Regular,39.88,2979.43,Factory A,Engineering and Technical Support,OT
3812,January 2014,Rest Day Pay,16.0,1216.96,Factory A,Engineering and Technical Support,Premium Pay
6397,January 2014,OT Regular,16.0,1035.2,Factory A,Manufacturing,OT
3433,January 2014,Rest Day Pay,16.0,1272.8,Factory A,Manufacturing,Premium Pay
8617,January 2014,Legal Holiday Premium Pay,8.0,444.96,Factory A,Engineering and Technical Support,Premium Pay
4069,January 2014,OT Regular,8.0,703.84,Factory A,Manufacturing,OT
1794,January 2014,Special Holiday Premium,4.5,145.8,Factory A,Manufacturing,Premium Pay
799,January 2014,Night Premium,14.0,119.56,Factory A,Manufacturing,Night Differential
1858,January 2014,Night Premium,32.0,178.56,Factory A,Engineering and Technical Support,Night Differential
8568,January 2014,Rest Day Pay,15.98,1854.32,Factory A,Manufacturing,Premium Pay
7131,January 2014,Special Holiday Premium,16.0,371.36,Factory A,Engineering and Technical Support,Premium Pay
5316,January 2014,Rest Day Pay,16.0,1381.28,Factory A,Engineering and Technical Support,Premium Pay
2049,January 2014,OT Regular,12.0,1311.12,Factory A,Manufacturing,OT
9580,January 2014,OT Regular,16.02,1578.13,Factory A,"Supply Chain, Logistics and Procurement",OT
7173,January 2014,Special Holiday Premium,6.0,135.12,Factory A,Manufacturing,Premium Pay
881,January 2014,OT Regular,32.0,4724.8,Factory A,"Supply Chain, Logistics and Procurement",OT
6198,January 2014,OT Special Holiday,4.0,878.8,Factory A,Manufacturing,OT
6346,January 2014,OT Regular,39.52,4755.84,Factory A,Manufacturing,OT
377,January 2014,OT Special Holiday,4.0,759.84,Factory A,Manufacturing,OT
3603,January 2014,Special Holiday Premium,6.0,189.36,Factory A,Manufacturing,Premium Pay
7055,January 2014,OT Rest day,8.0,667.6,Factory A,Manufacturing,OT
6582,January 2014,OT Rest day,6.0,819.0,Factory A,Manufacturing,OT
1464,January 2014,Night Premium,28.0,272.72,Factory A,Manufacturing,Night Differential
2098,January 2014,Night Premium,31.0,294.81,Factory A,Engineering and Technical Support,Night Differential
2537,January 2014,OT Regular,2.5,166.23,Factory A,Manufacturing,OT
5529,January 2014,OT Regular,28.0,3841.6,Factory A,Research and Development,OT
8751,January 2014,Rest Day Premium Pay,8.0,144.48,Factory A,Engineering and Technical Support,Premium Pay
